{
  "crps": 0.003887991533793471,
  "mae": 0.005343810402085199,
  "rmse": 0.007167066478785198,
  "quantile_loss_0.05": 0.0009822404050533037,
  "quantile_loss_0.1": 0.0014464408639404567,
  "quantile_loss_0.5": 0.002575212171116739,
  "quantile_loss_0.9": 0.001316417241840311,
  "quantile_loss_0.95": 0.0008467088503584152,
  "coverage_0.5": 0.392369020501139,
  "coverage_0.8": 0.6580296127562643,
  "coverage_0.9": 0.7588268792710706,
  "coverage_0.95": 0.8362756264236902,
  "pit_ks_stat": 0.1429612756264237,
  "pit_ks_pvalue": 4.280525080820894e-63,
  "energy_score": 0.003887991533793471,
  "nll": -3.4586876653698737
}