{
  "crps": 0.004331142397385173,
  "mae": 0.005978847043581325,
  "rmse": 0.00788840333603071,
  "quantile_loss_0.05": 0.0010447919500498788,
  "quantile_loss_0.1": 0.001562131062463005,
  "quantile_loss_0.5": 0.0028917644754288246,
  "quantile_loss_0.9": 0.0015081936486775035,
  "quantile_loss_0.95": 0.0010214140676911925,
  "coverage_0.5": 0.3630410022779043,
  "coverage_0.8": 0.6224373576309795,
  "coverage_0.9": 0.7255125284738041,
  "coverage_0.95": 0.7924259681093394,
  "pit_ks_stat": 0.184373576309795,
  "pit_ks_pvalue": 5.739611399909542e-105,
  "energy_score": 0.004331142397385173,
  "nll": -3.38700418987645
}