{
  "real_raw_un_denoised": {
    "kurtosis": 2.174435273057977,
    "skewness": -0.25026322005974283,
    "tail_index_hill": 4.033114374719949,
    "acf_returns_lag1": 0.017656854495840757,
    "acf_returns_maxabs": 0.09513325883438047,
    "acf_abs_returns_lag1": 0.1391505267722857,
    "acf_abs_returns_mean10": 0.17399366800123522,
    "leverage_lag1": -0.055569211340140985,
    "leverage_min": -0.1373095571662236,
    "drawdown_max_drawdown": -0.2621510799478905,
    "drawdown_mean_drawdown": -0.08944326596826646,
    "drawdown_max_drawdown_duration": 533,
    "realized_vol_mean": 0.14828579570287492,
    "var_95": -0.016642642379506883,
    "es_95": -0.024251394607919547,
    "var_99": -0.029761170692642582,
    "es_99": -0.035896733733807744
  },
  "real_denoised": {
    "kurtosis": 3.7879703035435153,
    "skewness": -0.6736978457778559,
    "tail_index_hill": 3.768075818188473,
    "acf_returns_lag1": 0.4317246616902895,
    "acf_returns_maxabs": 0.7836474775102347,
    "acf_abs_returns_lag1": 0.2896523465694874,
    "acf_abs_returns_mean10": 0.3340051090577266,
    "leverage_lag1": -0.07356959141991073,
    "leverage_min": -0.15916039800168416,
    "drawdown_max_drawdown": -0.6794039315124956,
    "drawdown_mean_drawdown": -0.28085207425286457,
    "drawdown_max_drawdown_duration": 2044,
    "realized_vol_mean": 0.06871441887624134,
    "var_95": -0.010111870020963561,
    "es_95": -0.01569895874639503,
    "var_99": -0.01894913718075596,
    "es_99": -0.024816710731587907
  },
  "generated": {
    "kurtosis": 3.38133247643022,
    "skewness": -0.5355987964496822,
    "tail_index_hill": 3.6846040276939758,
    "acf_returns_lag1": 0.19896267943443646,
    "acf_returns_maxabs": 0.3001406897819933,
    "acf_abs_returns_lag1": 0.271997528972815,
    "acf_abs_returns_mean10": 0.18515280687821187,
    "leverage_lag1": -0.131036041876118,
    "leverage_min": -0.19333092960473974,
    "drawdown_max_drawdown": -1.0,
    "drawdown_mean_drawdown": -0.9975642193984227,
    "drawdown_max_drawdown_duration": 351009,
    "realized_vol_mean": 0.10075537877212735,
    "var_95": -0.015142862685221121,
    "es_95": -0.021216356376829667,
    "var_99": -0.02489202256118786,
    "es_99": -0.030878114385474907
  }
}