{
  "forecast": {
    "crps": 0.003376373863761103,
    "mae": 0.004537195414773808,
    "rmse": 0.006417204278338108,
    "quantile_loss_0.05": 0.0008232620713297123,
    "quantile_loss_0.1": 0.0012599406266558671,
    "quantile_loss_0.5": 0.002253078041416226,
    "quantile_loss_0.9": 0.0011046204253356085,
    "quantile_loss_0.95": 0.0006808908596363068,
    "coverage_0.5": 0.5082574031890661,
    "coverage_0.8": 0.8023917995444191,
    "coverage_0.9": 0.9148633257403189,
    "coverage_0.95": 0.960990888382688,
    "pit_ks_stat": 0.02105922551252848,
    "pit_ks_pvalue": 0.08749550837699138,
    "energy_score": 0.003376373863761103,
    "nll": -3.6669735376666788
  },
  "stylized_facts": {
    "kurtosis": 12.72557130203556,
    "skewness": -0.4942680245616865,
    "tail_index_hill": 2.767478672329736,
    "acf_returns_lag1": 7.557243740194264e-05,
    "acf_returns_maxabs": 0.002454114306567369,
    "acf_abs_returns_lag1": -0.00033276131549633467,
    "acf_abs_returns_mean10": -0.000507008813436536,
    "leverage_lag1": -0.0013656175710074494,
    "leverage_min": -0.001873310252171847,
    "drawdown_max_drawdown": -0.11978793439829871,
    "drawdown_mean_drawdown": -0.007419605636013513,
    "drawdown_max_drawdown_duration": 4,
    "realized_vol_mean": 0.1140457445491898,
    "var_95": -0.012133901658390529,
    "es_95": -0.019711471466722093,
    "var_99": -0.022864195103015066,
    "es_99": -0.03513072296510773
  }
}