{
  "forecast": {
    "crps": 0.0033821229717662027,
    "mae": 0.004536276657749579,
    "rmse": 0.006438000947265914,
    "quantile_loss_0.05": 0.0008414006070361147,
    "quantile_loss_0.1": 0.0012737997568650322,
    "quantile_loss_0.5": 0.0022544167548727554,
    "quantile_loss_0.9": 0.001101374144347655,
    "quantile_loss_0.95": 0.0006768053849994525,
    "coverage_0.5": 0.5119589977220956,
    "coverage_0.8": 0.8069476082004556,
    "coverage_0.9": 0.9142938496583144,
    "coverage_0.95": 0.9575740318906606,
    "pit_ks_stat": 0.020842824601366744,
    "pit_ks_pvalue": 0.09326208609646403,
    "energy_score": 0.0033821229717662027,
    "nll": -3.6655115388287327
  },
  "stylized_facts": {
    "kurtosis": 12.256646455224432,
    "skewness": -0.527813002468314,
    "tail_index_hill": 2.8250440147214335,
    "acf_returns_lag1": 0.17492335041007293,
    "acf_returns_maxabs": 0.17492335041007293,
    "acf_abs_returns_lag1": 0.23554641150412267,
    "acf_abs_returns_mean10": 0.044775112438262925,
    "leverage_lag1": -0.10029975145140282,
    "leverage_min": -0.10029975145140282,
    "drawdown_max_drawdown": -0.1676686957381306,
    "drawdown_mean_drawdown": -0.008011844268663325,
    "drawdown_max_drawdown_duration": 4,
    "realized_vol_mean": 0.10938740741078369,
    "var_95": -0.012133901658390529,
    "es_95": -0.019697223251517435,
    "var_99": -0.022864195103015066,
    "es_99": -0.03497291378746969
  }
}