{
  "forecast": {
    "crps": 0.0038634977455927985,
    "mae": 0.004665462410546409,
    "rmse": 0.006535440740975253,
    "quantile_loss_0.05": 0.0011197601268040415,
    "quantile_loss_0.1": 0.001644427926686141,
    "quantile_loss_0.5": 0.0023217062895858538,
    "quantile_loss_0.9": 0.001487311542450385,
    "quantile_loss_0.95": 0.0010348966059778913,
    "coverage_0.5": 0.7542710706150342,
    "coverage_0.8": 0.9655466970387244,
    "coverage_0.9": 0.9888952164009112,
    "coverage_0.95": 0.9954441913439636,
    "pit_ks_stat": 0.15657175398633255,
    "pit_ks_pvalue": 1.1630101728074216e-75,
    "energy_score": 0.0038634977455927985,
    "nll": -3.3615023139168096
  },
  "stylized_facts": {
    "kurtosis": 327.09034934449323,
    "skewness": -2.7794156555017517,
    "tail_index_hill": 2.638459984904721,
    "acf_returns_lag1": -0.00608296396123169,
    "acf_returns_maxabs": 0.00608296396123169,
    "acf_abs_returns_lag1": 0.3006516713547624,
    "acf_abs_returns_mean10": 0.11174658996487323,
    "leverage_lag1": -0.007623727008145751,
    "leverage_min": -0.007623727008145751,
    "drawdown_max_drawdown": -2.0923366495478444,
    "drawdown_mean_drawdown": -0.013046267698406857,
    "drawdown_max_drawdown_duration": 4,
    "realized_vol_mean": 0.2105166629715414,
    "var_95": -0.021858986475629404,
    "es_95": -0.03647482853536952,
    "var_99": -0.043383293870061373,
    "es_99": -0.0657110449045403
  }
}