{
  "crps": 0.004331116602469541,
  "mae": 0.005974818520877697,
  "rmse": 0.007875452771577108,
  "quantile_loss_0.05": 0.0010433278771300916,
  "quantile_loss_0.1": 0.0015623106923319354,
  "quantile_loss_0.5": 0.002886524018319192,
  "quantile_loss_0.9": 0.001487661913130983,
  "quantile_loss_0.95": 0.000989363791450409,
  "coverage_0.5": 0.3630410022779043,
  "coverage_0.8": 0.6295558086560364,
  "coverage_0.9": 0.7394646924829157,
  "coverage_0.95": 0.8066628701594533,
  "pit_ks_stat": 0.1841343963553531,
  "pit_ks_pvalue": 1.0764051934281062e-104,
  "energy_score": 0.004331116602469541,
  "nll": -3.363893091533237
}