{
  "real_raw_un_denoised": {
    "kurtosis": 2.174435273057977,
    "skewness": -0.25026322005974283,
    "tail_index_hill": 4.033114374719949,
    "acf_returns_lag1": 0.017656854495840757,
    "acf_returns_maxabs": 0.09513325883438047,
    "acf_abs_returns_lag1": 0.1391505267722857,
    "acf_abs_returns_mean10": 0.17399366800123522,
    "leverage_lag1": -0.055569211340140985,
    "leverage_min": -0.1373095571662236,
    "drawdown_max_drawdown": -0.2621510799478905,
    "drawdown_mean_drawdown": -0.08924972338058726,
    "drawdown_max_drawdown_duration": 533,
    "realized_vol_mean": 0.14828579570287492,
    "var_95": -0.016642642379506883,
    "es_95": -0.024251394607919547,
    "var_99": -0.029761170692642582,
    "es_99": -0.035896733733807744
  },
  "real_denoised": {
    "kurtosis": 3.7879703035435153,
    "skewness": -0.6736978457778559,
    "tail_index_hill": 3.768075818188473,
    "acf_returns_lag1": 0.4317246616902895,
    "acf_returns_maxabs": 0.7836474775102347,
    "acf_abs_returns_lag1": 0.2896523465694874,
    "acf_abs_returns_mean10": 0.3340051090577266,
    "leverage_lag1": -0.07356959141991073,
    "leverage_min": -0.15916039800168416,
    "drawdown_max_drawdown": -0.6794039315124956,
    "drawdown_mean_drawdown": -0.28085207425286457,
    "drawdown_max_drawdown_duration": 2044,
    "realized_vol_mean": 0.06871441887624134,
    "var_95": -0.010111870020963561,
    "es_95": -0.01569895874639503,
    "var_99": -0.01894913718075596,
    "es_99": -0.024816710731587907
  },
  "generated": {
    "kurtosis": 3.357586239802595,
    "skewness": -0.5281679330790804,
    "tail_index_hill": 3.6792397724168087,
    "acf_returns_lag1": 0.19909735595128092,
    "acf_returns_maxabs": 0.2987946356443609,
    "acf_abs_returns_lag1": 0.27409648061621333,
    "acf_abs_returns_mean10": 0.1856429870484649,
    "leverage_lag1": -0.1334215136690561,
    "leverage_min": -0.1929880850954575,
    "drawdown_max_drawdown": -0.08313505785659536,
    "drawdown_mean_drawdown": -0.009570418785797062,
    "drawdown_max_drawdown_duration": 4,
    "realized_vol_mean": 0.10053906128279211,
    "var_95": -0.015105379295387543,
    "es_95": -0.021141943773299185,
    "var_99": -0.024806145397506134,
    "es_99": -0.03077839242437075
  }
}