{
  "crps": 0.004187034403934094,
  "mae": 0.005523130414462669,
  "rmse": 0.007546008752910038,
  "quantile_loss_0.05": 0.0010861805885447992,
  "quantile_loss_0.1": 0.0015316296578396804,
  "quantile_loss_0.5": 0.0026861988436949836,
  "quantile_loss_0.9": 0.0016223930646008025,
  "quantile_loss_0.95": 0.0011302143927515234,
  "coverage_0.5": 0.296127562642369,
  "coverage_0.8": 0.5375854214123007,
  "coverage_0.9": 0.6679954441913439,
  "coverage_0.95": 0.7568337129840547,
  "pit_ks_stat": 0.20374715261958998,
  "pit_ks_pvalue": 2.6312221285073905e-128,
  "energy_score": 0.004187034403934094,
  "nll": -3.2343219578392426
}