{
  "crps": 0.0034624151642485028,
  "mae": 0.004564580489596508,
  "rmse": 0.006437942327670867,
  "quantile_loss_0.05": 0.0008504505797998737,
  "quantile_loss_0.1": 0.0012932840363535018,
  "quantile_loss_0.5": 0.0022650372415717944,
  "quantile_loss_0.9": 0.0011709278249582272,
  "quantile_loss_0.95": 0.0007094224613310323,
  "coverage_0.5": 0.3331435079726651,
  "coverage_0.8": 0.7061503416856492,
  "coverage_0.9": 0.8653189066059226,
  "coverage_0.95": 0.9461845102505695,
  "pit_ks_stat": 0.14064920273348513,
  "pit_ks_pvalue": 4.472077788097701e-61,
  "energy_score": 0.0034624151642485028,
  "nll": -3.6720760191917936
}