{
  "rmse": 0.352483480712318,
  "mape_pct": 0.2478788498888296,
  "pca_components": 1,
  "pca_variance_retained": 0.9999290368992989
}