{
  "real_raw_un_denoised": {
    "kurtosis": 2.174435273057977,
    "skewness": -0.25026322005974283,
    "tail_index_hill": 4.033114374719949,
    "acf_returns_lag1": 0.017656854495840757,
    "acf_returns_maxabs": 0.09513325883438047,
    "acf_abs_returns_lag1": 0.1391505267722857,
    "acf_abs_returns_mean10": 0.17399366800123522,
    "leverage_lag1": -0.055569211340140985,
    "leverage_min": -0.1373095571662236,
    "drawdown_max_drawdown": -0.2621510799478905,
    "drawdown_mean_drawdown": -0.08924972338058726,
    "drawdown_max_drawdown_duration": 533,
    "realized_vol_mean": 0.14828579570287492,
    "var_95": -0.016642642379506883,
    "es_95": -0.024251394607919547,
    "var_99": -0.029761170692642582,
    "es_99": -0.035896733733807744
  },
  "real_denoised": {
    "kurtosis": 3.7879703035435153,
    "skewness": -0.6736978457778559,
    "tail_index_hill": 3.768075818188473,
    "acf_returns_lag1": 0.4317246616902895,
    "acf_returns_maxabs": 0.7836474775102347,
    "acf_abs_returns_lag1": 0.2896523465694874,
    "acf_abs_returns_mean10": 0.3340051090577266,
    "leverage_lag1": -0.07356959141991073,
    "leverage_min": -0.15916039800168416,
    "drawdown_max_drawdown": -0.6794039315124956,
    "drawdown_mean_drawdown": -0.28085207425286457,
    "drawdown_max_drawdown_duration": 2044,
    "realized_vol_mean": 0.06871441887624134,
    "var_95": -0.010111870020963561,
    "es_95": -0.01569895874639503,
    "var_99": -0.01894913718075596,
    "es_99": -0.024816710731587907
  },
  "generated": {
    "kurtosis": 14.827867584700808,
    "skewness": 0.16028983957118068,
    "tail_index_hill": 2.4989046345081194,
    "acf_returns_lag1": -0.07025376772272615,
    "acf_returns_maxabs": 0.20341959001003354,
    "acf_abs_returns_lag1": 0.2213674231074274,
    "acf_abs_returns_mean10": 0.09535208715099106,
    "leverage_lag1": -0.025250054492344402,
    "leverage_min": -0.025250054492344402,
    "drawdown_max_drawdown": -0.11653599712925533,
    "drawdown_mean_drawdown": -0.005620878720461531,
    "drawdown_max_drawdown_duration": 4,
    "realized_vol_mean": 0.1028448511690556,
    "var_95": -0.010778296676833705,
    "es_95": -0.01910850169626398,
    "var_99": -0.02400107565452236,
    "es_99": -0.03377150647554177
  }
}